TYPE,CONTENT,DESCRIPTION,IS_COLLAPSED,PRIORITY,INDENT,AUTHOR,RESPONSIBLE,DATE,DATE_LANG,TIMEZONE,DURATION,DURATION_UNIT,DEADLINE,DEADLINE_LANG,PROJECT
meta,view_style=list,,,,,,,,,,,,,,funding
,,,,,,,,,,,,,,,funding
meta,view_style=list,,,,,,,,,,,,,,work
,,,,,,,,,,,,,,,work
task,Email Aaron,,,4,1,Dan (36496636),,,,Australia/Melbourne,,,,,work
task,Email Jean,,,4,1,Dan (36496636),,,,Australia/Melbourne,,,,,work
task,Email Kevin + Will,,,4,1,Dan (36496636),,,,Australia/Melbourne,,,,,work
task,Email Meg,,,4,1,Dan (36496636),,,,Australia/Melbourne,,,,,work
task,Email Nic,,,4,1,Dan (36496636),,,,Australia/Melbourne,,,,,work
task,Email Voijcec,,,4,1,Dan (36496636),,,,Australia/Melbourne,,,,,work
task,Email Tim,,,4,1,Dan (36496636),,,,Australia/Melbourne,,,,,work
task,Drift redraft,,,3,1,Dan (36496636),,19-Jan-26,en,Australia/Melbourne,,,,,work
task,Email smol LM stuff to will,,,3,1,Dan (36496636),,19-Jan-26,en,Australia/Melbourne,,,,,work
task,Email Aus landscape stuff to Oscar,,,3,1,Dan (36496636),,19-Jan-26,en,Australia/Melbourne,,,,,work
task,[livingarchive ‚Äî Speculative Friction](https://speculativefriction.org/livingarchive),,,4,1,Dan (36496636),,,,Australia/Melbourne,,,,,work
task,MC News - AI Digest Podcast,"[The Use and Benefits of Sloppy, Fuzzy, and Hallucinogenic Generative AI](https://www.youtube.com/watch?v=RxcdKajva74)",,3,1,Dan (36496636),,14-Jan-26,en,Australia/Melbourne,,,,,work
task,Run Time Machine for work MacBook,,,2,1,Dan (36496636),,14-Jan,en,Australia/Melbourne,,,,,work
task,Send Gems in the Slop outline to Jan,,,2,1,Dan (36496636),,14-Jan,en,Australia/Melbourne,,,,,work
,,,,,,,,,,,,,,,work
meta,view_style=list,,,,,,,,,,,,,,engagement
,,,,,,,,,,,,,,,engagement
task,Slop theory zine draft,,,3,1,Dan (36496636),,19-Jan-26,en,Australia/Melbourne,,,,,engagement
task,GenAI arcade voice widget thing,,,3,1,Dan (36496636),,14-Jan,en,Australia/Melbourne,,,,,engagement
task,Review 3D file formats article for Convergence,,,3,1,Dan (36496636),,20-Jan,en,Australia/Melbourne,,,20/2/2026,en,engagement
,,,,,,,,,,,,,,,engagement
meta,view_style=list,,,,,,,,,,,,,,life-admin
,,,,,,,,,,,,,,,life-admin
task,[Bronotion](https://bronotion.com/?utm_medium=paid&utm_id=120212998475020661&utm_content=120232012698130661&utm_term=120212998475030661&utm_campaign=120212998475020661&fbclid=PAQ0xDSwM_YAVleHRuA2FlbQEwAGFkaWQBqyZg_bBgVQGn5ozlm7BMw3gb38ABa5a_oIghwR7nskugAOhiMteGReEQ7xhRB2ckQ86WUZ0_aem_9QH2gobrxHxl3OkhRG-61A&utm_source=facebook&campaign_id=120212998475020661&ad_id=120232012698130661#gr6jf3OPxf),,,4,1,Dan (36496636),,,,Australia/Melbourne,,,,,life-admin
,,,,,,,,,,,,,,,life-admin
meta,view_style=list,,,,,,,,,,,,,,Inbox
,,,,,,,,,,,,,,,Inbox
task,Nutcracker for J for Xmas,,,4,1,Dan (36496636),,14-Jan,en,Australia/Melbourne,,,,,Inbox
task,Get Mum headphones,,,4,1,Dan (36496636),,14-Jan,en,Australia/Melbourne,,,,,Inbox
task,Follow up on piano warranty,,,4,1,Dan (36496636),,14-Jan,en,Australia/Melbourne,,,,,Inbox
task,Ditch OF,,,4,1,Dan (36496636),,14-Jan,en,Australia/Melbourne,,,,,Inbox
task,Swap power board?,,,4,1,Dan (36496636),,14-Jan,en,Australia/Melbourne,,,,,Inbox
task,Order tongs,,,4,1,Dan (36496636),,14-Jan,en,Australia/Melbourne,,,,,Inbox
task,Send stuff through to Logan,"creative practice PhDs, older PhDs from Ingold, Miles, etc",,4,1,Dan (36496636),,14-Jan,en,Australia/Melbourne,,,,,Inbox
task,Water plants,,,4,1,Dan (36496636),,14-Jan,en,Australia/Melbourne,,,,,Inbox
task,Clean smoke detectors,,,4,1,Dan (36496636),,14-Jan,en,Australia/Melbourne,,,,,Inbox
,,,,,,,,,,,,,,,Inbox
meta,view_style=list,,,,,,,,,,,,,,personal
,,,,,,,,,,,,,,,personal
task,üíä Sort tabs @recurring,,,1,1,Dan (36496636),,every Sunday at 5pm,en,Australia/Melbourne,,,,,personal
task,Pay health insurance @recurring,$423.00 ,,1,1,Dan (36496636),,every 12th,en,Australia/Melbourne,,,,,personal
task,Pay Greg x 2 @recurring,,,2,1,Dan (36496636),,every 2 weeks,en,Australia/Melbourne,,,,,personal
task,Linkfest,The cartoonist Chris Ware was asked to create a sheet of stamps to commemorate the 250th anniversary of the USPS. He decided to do a linked series of images that show a day in the life of a postwoman. You can [order a sheet of the stamps here](https://store.usps.com/store/product/stamps/250-years-of-delivering-stamps-S_484004).,,4,1,Dan (36496636),,,,Australia/Melbourne,,,,,personal
note," [[file {""file_name"":""Fwd: Linkfest #39: \""Xenoparity\"", Navajo Microchips, and In Defense of the Em-Dash"",""file_size"":91401,""file_type"":""text/html"",""file_url"":""https://files.todoist.com/kw0qh8YccCVrErNV8Pn_Un8Bz7rK9OAgI1zzmg2Kqt0jZgRr7o7QQ3LnkxPy9HNE/by/36496636/as/file.html"",""image"":null,""image_height"":null,""image_width"":null,""resource_type"":""file"",""upload_state"":""completed""}]]",,,,,Dan (36496636),,2025-10-05T05:05:02.021449Z,,,,,,,personal
task,Book Tamworth trip in jan or feb,,,2,1,Dan (36496636),,,,Australia/Melbourne,,,,,personal
task,All travel in cal,,,2,1,Dan (36496636),,14-Jan,en,Australia/Melbourne,,,,,personal
task,Figure out weird transaction,,,4,1,Dan (36496636),,,,Australia/Melbourne,,,,,personal
task,Sort out Time Machine drive for personal MacBook,,,3,1,Dan (36496636),,14-Jan,en,Australia/Melbourne,,,,,personal
task,Email Ben M,,,3,1,Dan (36496636),,14-Jan,en,Australia/Melbourne,,,,,personal
,,,,,,,,,,,,,,,personal
meta,view_style=list,,,,,,,,,,,,,,material-AI-article
,,,,,,,,,,,,,,,material-AI-article
meta,view_style=list,,,,,,,,,,,,,,to-read
,,,,,,,,,,,,,,,to-read
task,Read article on free and open access in the age of generative AI,"[""Wait, not like that"": Free and open access in the age of generative AI](https://www.citationneeded.news/free-and-open-access-in-the-age-of-generative-ai/)

Key insights from Molly White's article about the challenges of open access in the era of AI, discussing how restrictive measures can undermine the original goals of free knowledge sharing.",,3,1,Dan (36496636),,,,Australia/Melbourne,,,,,to-read
note," [[file {""file_name"":""Fwd:  \u201cWait,  not like that\u201d:  Free and open access in the age of generative AI"",""file_size"":49741,""file_type"":""text/html"",""file_url"":""https://files.todoist.com/w67-RCJUJLALGEj9kOHb5cAxq5PrsT3SklKDoCHHzn8JFGWLhiuoBfLS8hK1ny0Q/by/36496636/as/file.html"",""image"":null,""image_height"":null,""image_width"":null,""resource_type"":""file"",""upload_state"":""completed""}]]",,,,,Dan (36496636),,2025-03-15T08:08:27.666738Z,,,,,,,to-read
task,Review 5 new AI tools from Wonder Tools newsletter,[Read the article about 5 new AI tools](https://wondertools.substack.com/p/5-new-ai-tools-youll-actually-want),,3,1,Dan (36496636),,,,Australia/Melbourne,,,,,to-read
note," [[file {""file_name"":""https://wondertools.substack.com/p/5-new-ai-tools-youll-actually-want"",""file_size"":1053,""file_type"":""text/html"",""file_url"":""https://files.todoist.com/ZRpqcqjg4-yXsdBhd-La_j7lFu85Auc70egdIATREUexbmcR9zersQWkJZiNHQPH/by/36496636/as/file.html"",""image"":null,""image_height"":null,""image_width"":null,""resource_type"":""file"",""upload_state"":""completed""}]]",,,,,Dan (36496636),,2025-03-15T10:10:59.177806Z,,,,,,,to-read
task,Review 5 new AI tools from Wonder Tools newsletter,Explore the AI tools mentioned in the newsletter: [5 New AI Tools Worth Trying](https://wondertools.substack.com/p/5-new-ai-tools-youll-actually-want),,3,1,Dan (36496636),,,,Australia/Melbourne,,,,,to-read
note," [[file {""file_name"":""5 New AI Tools Worth Trying: From Voice AI to Career Planning"",""file_size"":1126,""file_type"":""text/html"",""file_url"":""https://files.todoist.com/2trqOs7t8IDf09H7Vk4eGHV2rcjmoqmeU7g1dwbHhubvZZvI_CgJe3QNXwUwvx_X/by/36496636/as/file.html"",""image"":null,""image_height"":null,""image_width"":null,""resource_type"":""file"",""upload_state"":""completed""}]]",,,,,Dan (36496636),,2025-03-15T10:22:34.279554Z,,,,,,,to-read
task,Read The Memory Game Rulebook article,Article by Erik Hoel available at [The Intrinsic Perspective](https://www.theintrinsicperspective.com/p/the-memory-game-rulebook),,3,1,Dan (36496636),,,,Australia/Melbourne,,,,,to-read
note," [[file {""file_name"":""The Memory Game Rulebook - by Erik Hoel"",""file_size"":970,""file_type"":""text/html"",""file_url"":""https://files.todoist.com/8bN8jojH3MrQ478G4QABayBTqyAc4b8EV1ARFqLjWuuTS8suM7qQlY_N1i0d3YKt/by/36496636/as/file.html"",""image"":null,""image_height"":null,""image_width"":null,""resource_type"":""file"",""upload_state"":""completed""}]]",,,,,Dan (36496636),,2025-03-15T10:23:39.085116Z,,,,,,,to-read
task,[Imaginations: Journal of Cross-Cultural Image Studies](https://imaginationsjournal.ca/index.php/imaginations),,,4,1,Dan (36496636),,,,Australia/Melbourne,,,,,to-read
task,Read: ‚ÄúNo Right to an Explanation‚Äù,,,4,1,Dan (36496636),,,,Australia/Melbourne,,,,,to-read
task,Read: ‚ÄúKeep the Future Human‚Äù + AGI papers,,,4,1,Dan (36496636),,,,Australia/Melbourne,,,,,to-read
task,Read: Raschka on reasoning models,,,4,1,Dan (36496636),,,,Australia/Melbourne,,,,,to-read
task,Read: Jan Kulveit on LLM psychology,,,4,1,Dan (36496636),,,,Australia/Melbourne,,,,,to-read
task,Reference: *Gaming Film* by Jasmina Hallay,,,4,1,Dan (36496636),,,,Australia/Melbourne,,,,,to-read
task,John Fiske https://en.wikipedia.org/wiki/John_Fiske_(media_scholar),,,4,1,Dan (36496636),,,,Australia/Melbourne,,,,,to-read
task,Reference: Mark Z Danielewski [downloads](https://www.markzdanielewski.com/digital-downloads),,,4,1,Dan (36496636),,,,Australia/Melbourne,,,,,to-read
task,Read article from Inoreader,[View Article](https://www.inoreader.com/article/3a9c6e77e3f02df3),,4,1,Dan (36496636),,,,Australia/Melbourne,,,,,to-read
note," [[file {""file_name"":""https://www.inoreader.com/article/3a9c6e77e3f02df3"",""file_size"":1015,""file_type"":""text/html"",""file_url"":""https://files.todoist.com/Z9XxlihV-jGTpJPLN7cyXk8uYn-nDq8U3GWIwZEip2dHN-lK4o6oSXgTI86pUpo9/by/36496636/as/file.html"",""image"":null,""image_height"":null,""image_width"":null,""resource_type"":""file"",""upload_state"":""completed""}]]",,,,,Dan (36496636),,2025-03-15T10:19:45.648387Z,,,,,,,to-read
task,critical ignoring,https://journals.sagepub.com/doi/10.1177/09637214221121570,,4,1,Dan (36496636),,,,Australia/Melbourne,,,,,to-read
task,[Esoteric AI Chapter](https://aixdesign.co/posts/esoteric-ai-chapter),,,4,1,Dan (36496636),,,,Australia/Melbourne,,,,,to-read
task,[Perhaps You Shouldn't Read This - by Alberto Romero](https://www.thealgorithmicbridge.com/p/perhaps-you-shouldnt-read-this?utm_source=substack&utm_medium=email),,,4,1,Dan (36496636),,,,Australia/Melbourne,,,,,to-read
task,geck article,,,4,1,Dan (36496636),,,,Australia/Melbourne,,,,,to-read
note," [[file {""file_name"":""document.pdf"",""file_size"":7096790,""file_type"":""application/pdf"",""file_url"":""https://files.todoist.com/uU-nIQKBTs6F81hw62Ey0PcGP31z0ZBzyex2Qxw05gBcBKGYpbF6TTnwD0rOAkNE/by/36496636/as/file.pdf"",""image"":null,""image_height"":null,""image_width"":null,""resource_type"":""file"",""upload_state"":""completed""}]]",,,,,Dan (36496636),,2025-03-23T05:20:50.789000Z,,,,,,,to-read
task,facta ficta,,,4,1,Dan (36496636),,,,Australia/Melbourne,,,,,to-read
note," [[file {""file_name"":""Facta_Ficta_Journal_of_Theory_Narrative.pdf"",""file_size"":8479260,""file_type"":""application/pdf"",""file_url"":""https://files.todoist.com/6x29jC8QpNiNE62geqRj7i-ZbXqaYNSkkrrRpxTwWvNodg6xTB6xfSuwfp-ey76X/by/36496636/as/file.pdf"",""image"":null,""image_height"":null,""image_width"":null,""resource_type"":""file"",""upload_state"":""completed""}]]",,,,,Dan (36496636),,2025-03-23T05:32:55.350000Z,,,,,,,to-read
task,"[Art, Creativity, and the Potential of Artificial Intelligence](https://www.mdpi.com/2076-0752/8/1/26)",,,4,1,Dan (36496636),,,,Australia/Melbourne,,,,,to-read
task,[Finding the future in digitally mediated ruin: #nostalgiacores and the algorithmic culture of digital platforms | QUT ePrints](https://eprints.qut.edu.au/251356/?_gl=1*ax73yk*_ga*NjY0NDM0OTMuMTc1MTY2ODg4Mg..*_ga_S1B55LT1H8*czE3NTE2ODYwMzYkbzIkZzAkdDE3NTE2ODYwMzYkajYwJGwwJGgw) @reading,,,2,1,Dan (36496636),,,,Australia/Melbourne,,,,,to-read
task,Style engines for GenAuth,,,4,1,Dan (36496636),,,,Australia/Melbourne,,,,,to-read
task,Tim Slop paper,,,4,1,Dan (36496636),,,,Australia/Melbourne,,,,,to-read
task,[The AI (R)evolution - Monash University Publishing](https://publishing.monash.edu/product/ai-revolution/?fbclid=PAQ0xDSwMacH9leHRuA2FlbQIxMQABpzIPa_5xUOLKE0FJ8sxgpaFLbP_HVFRu0mHo8hS-8k4Np7CB8L67GZc9e8yf_aem_Ec2upmecei-3AhXenfvIRw),,,4,1,Dan (36496636),,,,Australia/Melbourne,,,,,to-read
task,[A Critique of Human-Centred AI: A Plea for a Feminist AI Framework (FAIF) - AI & SOCIETY](https://link.springer.com/article/10.1007/s00146-025-02556-8),,,4,1,Dan (36496636),,,,Australia/Melbourne,,,,,to-read
task,https://dl.acm.org/doi/10.1145/3744169.3744194,,,4,1,Dan (36496636),,,,Australia/Melbourne,,,,,to-read
task,https://journals.sagepub.com/doi/abs/10.1177/10776990251360690,,,4,1,Dan (36496636),,,,Australia/Melbourne,,,,,to-read
task,[Prompted by Me. Generated by ChatGPT](https://stars.library.ucf.edu/hmc/vol10/iss1/2/),,,4,1,Dan (36496636),,,,Australia/Melbourne,,,,,to-read
task,Read Tim‚Äôs slop paper,,,2,1,Dan (36496636),,19-Jan-26,en,Australia/Melbourne,,,,,to-read
task,[Does AI really boost productivity at work? Research shows gains don‚Äôt come cheap or easy](https://theconversation.com/does-ai-really-boost-productivity-at-work-research-shows-gains-dont-come-cheap-or-easy-263127?utm_medium=article_native_share&utm_source=theconversation.com),,,4,1,Dan (36496636),,,,Australia/Melbourne,,,,,to-read
task,[AI slop and the destruction of knowledge ‚Äì Iris van Rooij](https://irisvanrooijcogsci.com/2025/08/12/ai-slop-and-the-destruction-of-knowledge/),,,4,1,Dan (36496636),,,,Australia/Melbourne,,,,,to-read
task,[What is OWhisper? - Hyprnote Docs](https://docs.hyprnote.com/owhisper/what-is-this),,,4,1,Dan (36496636),,,,Australia/Melbourne,,,,,to-read
task,Article: Working with AI,,,4,1,Dan (36496636),,,,Australia/Melbourne,,,,,to-read
note," [[file {""file_name"":""2507.07935v3.pdf"",""file_size"":1679105,""file_type"":""application/pdf"",""file_url"":""https://files.todoist.com/lZ-OuuKTGaLBUfswy0KJgw18M6BzmX6PfOHPk_fsWK-TNAWj9sDMyAiL1siTLw_l/by/36496636/as/file.pdf"",""image"":null,""image_height"":null,""image_width"":null,""resource_type"":""file"",""upload_state"":""completed""}]]",,,,,Dan (36496636),,2025-09-15T12:23:37.541000Z,,,,,,,to-read
task,Ddddddd,,,4,1,Dan (36496636),,,,Australia/Melbourne,,,,,to-read
note," [[file {""file_name"":""Videoblogging-Before-YouTube-web.pdf"",""file_size"":2633133,""file_type"":""application/pdf"",""file_url"":""https://files.todoist.com/3sUJzxBNzTXnjN7nu9HspOK18dwMIPgfyVqVdTEjSEq_r1Pa201Kkfns1fXiiwio/by/36496636/as/file.pdf"",""image"":null,""image_height"":null,""image_width"":null,""resource_type"":""file"",""upload_state"":""completed""}]]",,,,,Dan (36496636),,2025-09-15T12:23:37.842000Z,,,,,,,to-read
task,https://journals.sagepub.com/doi/10.1177/14703572251358425#fn3-14703572251358425,,,4,1,Dan (36496636),,,,Australia/Melbourne,,,,,to-read
task,Todoist news,"Too much learning without action leads to overload. Let‚Äôs change that.

[üéÉ October: Output](https://substack.com/redirect/2/eyJlIjoiaHR0cHM6Ly90b2RvaXN0LnN1YnN0YWNrLmNvbS9wL29jdG9iZXItb3V0cHV0P3V0bV9jYW1wYWlnbj1lbWFpbC1oYWxmLXBvc3Qmcj0zYW1uczQmdG9rZW49ZXlKMWMyVnlYMmxrSWpveE9Ua3lOVEU1TkRBc0luQnZjM1JmYVdRaU9qRTNORGt4T1RNME5Td2lhV0YwSWpveE56VTVNams1TlRJd0xDSmxlSEFpT2pFM05qRTRPVEUxTWpBc0ltbHpjeUk2SW5CMVlpMDBNemN3TURZMElpd2ljM1ZpSWpvaWNHOXpkQzF5WldGamRHbHZiaUo5LmZNYXVNM3doM1dSbVJNSnVTRDlzVnZTMkJXRHY1Rk54T2toVWZMakxJOWMiLCJwIjoxNzQ5MTkzNDUsInMiOjQzNzAwNjQsImYiOnRydWUsInUiOjE5OTI1MTk0MCwiaWF0IjoxNzU5Mjk5NTIwLCJleHAiOjIwNzQ4NzU1MjAsImlzcyI6InB1Yi0wIiwic3ViIjoibGluay1yZWRpcmVjdCJ9.5LhBl9luomvnn_jOLnixT6YeG6_g26qeobK0zX4DgfY?)",,4,1,Dan (36496636),,,,Australia/Melbourne,,,,,to-read
note," [[file {""file_name"":""Fwd: \ud83c\udf83 October: Output"",""file_size"":49938,""file_type"":""text/html"",""file_url"":""https://files.todoist.com/6QZq0xrwFARIS3GeyIJIigaXT9ItqyDZeAAwsWKoRblImtIqdhPzDW9UdTn46FAN/by/36496636/as/file.html"",""image"":null,""image_height"":null,""image_width"":null,""resource_type"":""file"",""upload_state"":""completed""}]]",,,,,Dan (36496636),,2025-10-05T05:05:37.017794Z,,,,,,,to-read
task,https://dl.acm.org/doi/10.1145/3744169.3744194,,,4,1,Dan (36496636),,,,Australia/Melbourne,,,,,to-read
task,[The diff√©rance engine: large language models and poststructuralism - AI & SOCIETY](https://link.springer.com/article/10.1007/s00146-025-02640-z),,,4,1,Dan (36496636),,,,Australia/Melbourne,,,,,to-read
task,[Artificial sociality](https://journals.sagepub.com/toc/nmsa/27/10),,,4,1,Dan (36496636),,,,Australia/Melbourne,,,,,to-read
,,,,,,,,,,,,,,,to-read
meta,view_style=list,,,,,,,,,,,,,,supervision
,,,,,,,,,,,,,,,supervision
task,Read Pippa chapter,,,2,1,Dan (36496636),,15-Jan,en,Australia/Melbourne,,,16/1/2026,en,supervision
,,,,,,,,,,,,,,,supervision
meta,view_style=list,,,,,,,,,,,,,,someday
,,,,,,,,,,,,,,,someday
task,[ADHD Mastery Collection - Digital Printable Ebook Bundle](https://myadhdventure.com/products/thrive-with-adhd?srsltid=AfmBOopuDHbKn25MZivU21jt7hME78fq6VBDlHWIbF1YHBTy20L0cUwx),,,4,1,Dan (36496636),,,,Australia/Melbourne,,,,,someday
task,https://www.reddit.com/r/LocalLLaMA/s/NAsHwDkz6Q,,,4,1,Dan (36496636),,,,Australia/Melbourne,,,,,someday
task,https://www.reddit.com/r/n8n/s/zZJr4UZWXM,,,4,1,Dan (36496636),,,,Australia/Melbourne,,,,,someday
task,https://www.reddit.com/r/LocalLLM/s/TRWxUT6kUo,,,4,1,Dan (36496636),,,,Australia/Melbourne,,,,,someday
task,https://www.reddit.com/r/LocalLLaMA/s/alCN52JWup,,,4,1,Dan (36496636),,,,Australia/Melbourne,,,,,someday
task,https://www.reddit.com/r/ObsidianMD/s/b7COuE1nMZ,,,4,1,Dan (36496636),,,,Australia/Melbourne,,,,,someday
task,[Weird fiction in movies - a discussion and request for your recommendations](https://www.reddit.com/r/movies/comments/oac2he/weird_fiction_in_movies_a_discussion_and_request/),,,4,1,Dan (36496636),,,,Australia/Melbourne,,,,,someday
task,[TikTok - Make Your Day](https://vt.tiktok.com/ZSMuPVYKa/),,,4,1,Dan (36496636),,,,Australia/Melbourne,,,,,someday
task,"Test GPT actions for my apps eg Todoist, IFTTT",,,4,1,Dan (36496636),,,,Australia/Melbourne,,,,,someday
task,https://www.instagram.com/reel/DG2okkVSuGj/?igsh=MThzZ281b3V4OG11OQ==,,,4,1,Dan (36496636),,,,Australia/Melbourne,,,,,someday
task,"[ADHD and neurospicy folk, how do you Obsidian?](https://www.reddit.com/r/ObsidianMD/comments/16p63rs/adhd_and_neurospicy_folk_how_do_you_obsidian/?share_id=ydSiUsXrdtfUmW_o6J4fP&utm_name=iossmf)",,,4,1,Dan (36496636),,,,Australia/Melbourne,,,,,someday
task,Powerpoints & TV mount,,,3,1,Dan (36496636),,,,Australia/Melbourne,,,,,someday
,,,,,,,,,,,,,,,someday
meta,view_style=list,,,,,,,,,,,,,,teaching
,,,,,,,,,,,,,,,teaching
meta,view_style=list,,,,,,,,,,,,,,Discovery
,,,,,,,,,,,,,,,Discovery
task,Research eligibility criteria and application guidelines for the ARC Future Fellowship.,,,4,1,Dan (36496636),,,,Australia/Melbourne,,,,,Discovery
task,"Prepare a comprehensive project proposal, including objectives, methodology, and expected outcomes.",,,4,1,Dan (36496636),,,,Australia/Melbourne,,,,,Discovery
task,"Gather necessary documentation, such as CV, publications, and supporting letters.",,,4,1,Dan (36496636),,,,Australia/Melbourne,,,,,Discovery
task,Develop a budget plan outlining the required funding and resources for the project.,,,4,1,Dan (36496636),,,,Australia/Melbourne,,,,,Discovery
task,"Review and edit the application for clarity, coherence, and adherence to guidelines.",,,4,1,Dan (36496636),,,,Australia/Melbourne,,,,,Discovery
task,Submit the application before the deadline and confirm receipt.,,,4,1,Dan (36496636),,,,Australia/Melbourne,,,,,Discovery
,,,,,,,,,,,,,,,Discovery
meta,view_style=list,,,,,,,,,,,,,,home_stuff
,,,,,,,,,,,,,,,home_stuff
meta,view_style=list,,,,,,,,,,,,,,creative-tinkering
,,,,,,,,,,,,,,,creative-tinkering
task,Blog on image grabber tool,,,3,1,Dan (36496636),,,,Australia/Melbourne,,,,,creative-tinkering
task,Blog on AI music-making,,,3,1,Dan (36496636),,,,Australia/Melbourne,,,,,creative-tinkering
task,[drawing slorbs](https://www.aiweirdness.com/tiny-jello/),,,4,1,Dan (36496636),,,,Australia/Melbourne,,,,,creative-tinkering
,,,,,,,,,,,,,,,creative-tinkering
meta,view_style=list,,,,,,,,,,,,,,J
,,,,,,,,,,,,,,,J
task,Dates/holidays (lol),,,1,1,Dan (36496636),,,,Australia/Melbourne,,,,,J
task,J b‚Äôday present (what),,,1,1,Dan (36496636),,,,Australia/Melbourne,,,,,J
task,Anniversary present (what),,,1,1,Dan (36496636),,,,Australia/Melbourne,,,,,J
task,Redwoods/similar (when),,,1,1,Dan (36496636),,,,Australia/Melbourne,,,,,J
task,S & I,,,1,1,Dan (36496636),,,,Australia/Melbourne,,,,,J
task,AI tools (and/or art registration) ‚Äî possibly separate chat,,,1,1,Dan (36496636),,,,Australia/Melbourne,,,,,J
task,Book Easter flights,,,2,1,Dan (36496636),,,,Australia/Melbourne,,,,,J
task,book tassie,,,2,1,Dan (36496636),,,,Australia/Melbourne,,,,,J
task,Acai bowl in Cambers,,,2,1,Dan (36496636),,,,Australia/Melbourne,,,,,J
task,Book lunch/dinner date,,,2,1,Dan (36496636),,,,Australia/Melbourne,,,,,J
,,,,,,,,,,,,,,,J
meta,view_style=list,,,,,,,,,,,,,,health
,,,,,,,,,,,,,,,health
task,üíäüïì arvo meds @health @recurring,,,1,1,Dan (36496636),,every day 4pm,en,Australia/Melbourne,,,,,health
task,üíäüõå bed meds @health @recurring,,,1,1,Dan (36496636),,every day 8:30pm,en,Australia/Melbourne,,,,,health
task,üíäüêì morning meds @recurring,,,1,1,Dan (36496636),,Every day at 7:30,en,Australia/Melbourne,,,,,health
task,üíä‚òÄÔ∏è day meds @recurring,,,1,1,Dan (36496636),,every day 11:30am,en,Australia/Melbourne,,,,,health
task,Stuart claim for 19 Dec?,,,2,1,Dan (36496636),,14-Jan,en,Australia/Melbourne,,,,,health
note," [[file {""file_name"":""A Session Receipt.pdf"",""file_size"":44984,""file_type"":""application/pdf"",""file_url"":""https://files.todoist.com/zVawRCbeXaldGUg80Wmutn20myx-_qfaGBDTqb5HVYTr-V5BzFssmW37Us9cusSD/by/36496636/as/file.pdf"",""image"":null,""image_height"":null,""image_width"":null,""resource_type"":""file"",""upload_state"":""completed""}]]",,,,,Dan (36496636),,2026-01-11T06:16:31.837000Z,,,,,,,health
,,,,,,,,,,,,,,,health
meta,view_style=list,,,,,,,,,,,,,,research
,,,,,,,,,,,,,,,research
task,[OPEN CALL :: PermaPrompting with Feral (AI)gents ‚Äì UROBOROS collective](https://collective.uroboros.design/open-call-permaprompting/),,,2,1,Dan (36496636),,,,Australia/Melbourne,,,,,research
task,[Artificial Power: 2025 Landscape Report - AI Now Institute](https://ainowinstitute.org/publications/research/ai-now-2025-landscape-report) @reading,,,2,1,Dan (36496636),,,,Australia/Melbourne,,,,,research
task,[Cultural Red Teaming: ARRG! and Creative Misuse of AI Systems | Critical AI | Duke University Press](https://read.dukeupress.edu/critical-ai/article/doi/10.1215/2834703X-11700228/401274/Cultural-Red-Teaming-ARRG-and-Creative-Misuse-of?fbclid=PAQ0xDSwLKhYJleHRuA2FlbQIxMQABp-2Nzte15_4xXfy-fZo1NcXFgjHS0eFRWNEG1QD4f7QFUFsVxb2qhIp_S2FI_aem_vBZsuofUmonkfAAsgaXnXA) @reading,,,2,1,Dan (36496636),,,,Australia/Melbourne,,,,,research
task,[15 | 2025 Mat√©rialit√©s environnementales du num√©rique](https://journals.openedition.org/reset/5909) @reading,,,2,1,Dan (36496636),,,,Australia/Melbourne,,,,,research
task,[AI Generated Algorithmic Virality](https://aiforensics.org/work/gen-ai-slop),,,4,1,Dan (36496636),,,,Australia/Melbourne,,,,,research
task,https://journals.sagepub.com/doi/10.1177/01634437251360382,,,4,1,Dan (36496636),,,,Australia/Melbourne,,,,,research
task,[GenAI Primer for Social Science Courses](https://docs.google.com/presentation/d/1sTu1EN-jgdNZ9lpFku4jp0RBbuuZcdMGuYP0wHcAYCw/mobilepresent?slide=id.p1),,,4,1,Dan (36496636),,,,Australia/Melbourne,,,,,research
task,Set up ritual technic Claude project?,,,4,1,Dan (36496636),,,,Australia/Melbourne,,,,,research
task,Draft page for side-by-side voice comparison game ‚Äî wait for Kevin template,,,3,1,Dan (36496636),,,,Australia/Melbourne,,,,,research
task,ADMS symposium 2026 ‚Äî health ‚Äî neurodiversity and AI,,,3,1,Dan (36496636),,14-Jan,en,Australia/Melbourne,,,,,research
task,[P&D - Philosophy & Digitality](https://journals.ub.uni-koeln.de/index.php/phidi),,,4,1,Dan (36496636),,,,Australia/Melbourne,,,,,research
task,[Global Institutional Perspectives on GenAI & Cultural Industries](https://www.cambridge.org/core/journals/cambridge-forum-on-ai-culture-and-society/announcements/call-for-papers/global-institutional-perspectives-on-genai-and-cultural-industries),,,2,1,Dan (36496636),,14-Jan,en,Australia/Melbourne,,,18/12/2025,en,research
task,[Cambridge Forum on AI: Culture and Society | Cambridge Core](https://www.cambridge.org/core/journals/cambridge-forum-on-ai-culture-and-society) Venue for Smol AI maybe?,,,2,1,Dan (36496636),,14-Jan,en,Australia/Melbourne,,,,,research
,,,,,,,,,,,,,,,research
meta,view_style=list,,,,,,,,,,,,,,money
,,,,,,,,,,,,,,,money